{"cameraMode":{"drawMode":0,"name":"Shaded","section":"Shading Mode"},"sceneLighting":true,"audioPlay":false,"sceneViewState":{"m_AlwaysRefresh":false,"showFog":true,"showSkybox":true,"showFlares":true,"showImageEffects":true,"showParticleSystems":true,"showVisualEffectGraphs":true,"m_FxEnabled":true},"in2DMode":false,"pivot":{"x":4.865263938903809,"y":-0.22356462478637696,"z":3.757023572921753},"rotation":{"x":0.06980568170547486,"y":-0.7819899916648865,"z":0.08905781805515289,"w":0.6129381656646729},"size":1.289531946182251,"orthographic":true}