{"cameraMode":{"drawMode":0,"name":"Shaded","section":"Shading Mode"},"sceneLighting":true,"audioPlay":false,"sceneViewState":{"m_AlwaysRefresh":false,"showFog":true,"showSkybox":true,"showFlares":true,"showImageEffects":true,"showParticleSystems":true,"showVisualEffectGraphs":true,"m_FxEnabled":true},"in2DMode":false,"pivot":{"x":10.699999809265137,"y":0.4323914051055908,"z":0.7000000476837158},"rotation":{"x":0.07743801921606064,"y":-0.9224337339401245,"z":0.2582729756832123,"w":0.27656611800193789},"size":2.345935106277466,"orthographic":true}