{"cameraMode":{"drawMode":0,"name":"Shaded","section":"Shading Mode"},"sceneLighting":true,"audioPlay":false,"sceneViewState":{"m_AlwaysRefresh":false,"showFog":true,"showSkybox":true,"showFlares":true,"showImageEffects":true,"showParticleSystems":true,"showVisualEffectGraphs":true,"m_FxEnabled":true},"in2DMode":false,"pivot":{"x":-2.3880796432495119,"y":0.33232545852661135,"z":1.2321337461471558},"rotation":{"x":-0.07465783506631851,"y":-0.7798512578010559,"z":0.09472403675317764,"w":-0.614293098449707},"size":8.400498390197754,"orthographic":true}