{"cameraMode":{"drawMode":0,"name":"Shaded","section":"Shading Mode"},"sceneLighting":true,"audioPlay":false,"sceneViewState":{"m_AlwaysRefresh":false,"showFog":true,"showSkybox":true,"showFlares":true,"showImageEffects":true,"showParticleSystems":true,"showVisualEffectGraphs":true,"m_FxEnabled":true},"in2DMode":false,"pivot":{"x":6.816760063171387,"y":-0.4134960174560547,"z":1.9222707748413087},"rotation":{"x":0.5051662921905518,"y":0.006074991542845964,"z":-0.0031870482489466669,"w":0.8631585836410523},"size":5.085571765899658,"orthographic":false}